ood,4
ged,3
ght,3
igh,3
rac,3
Sli,3
Wra,3
ack,2
ain,2
ang,2
che,2
cid,2
cke,2
Con,2
Cra,2
Cut,2
ear,2
eig,2
gge,2
gue,2
ick,2
ing,2
ith,2
ked,2
loo,2
nin,2
pse,2
rse,2
Sho,2
Sta,2
ted,2
ver,2
abb,1
Acc,1
ach,1
Aci,1
add,1
Age,1
age,1
agg,1
Ago,1
agu,1
ait,1
ake,1
all,1
ame,1
Ang,1
apn,1
aps,1
ara,1
Ars,1
art,1
arv,1
ase,1
ash,1
ast,1
ata,1
atc,1
ate,1
ath,1
aul,1
bbe,1
bed,1
Ble,1
Blo,1
Bod,1
Boi,1
Bom,1
Bot,1
Bur,1
Car,1
Cat,1
cci,1
Cha,1
Col,1
Cor,1
Cur,1
cut,1
dde,1
dem,1
den,1
der,1
Dis,1
dos,1
Dra,1
Dro,1
Dru,1
Ear,1
eas,1
Eat,1
ect,1
ecu,1
eed,1
eel,1
emn,1
ene,1
eni,1
ent,1
erd,1
ess,1
eve,1
Exe,1
Fal,1
Fau,1
Fea,1
Fev,1
Fir,1
Fla,1
Flo,1
Foo,1
Fri,1
Gan,1
gon,1
gre,1
Gri,1
gst,1
Gun,1
Gut,1
hai,1
Han,1
Hat,1
Hea,1
Hei,1
her,1
het,1
hir,1
hoc,1
Hol,1
hot,1
Hou,1
hra,1
htn,1
ice,1
ide,1
ied,1
ife,1
Ill,1
ind,1
Inj,1
ipp,1
ire,1
Iro,1
irs,1
ise,1
ism,1
iso,1
jec,1
ker,1
Kni,1
Lad,1
lag,1
lai,1
lam,1
lap,1
lee,1
lic,1
Lig,1
lip,1
lis,1
lit,1
lla,1
lln,1
lne,1
Lur,1
nap,1
nde,1
nel,1
nes,1
nge,1
ngr,1
ngs,1
ngu,1
nic,1
nif,1
nje,1
nsu,1
ock,1
ody,1
oil,1
ois,1
ole,1
olf,1
oll,1
omb,1
ond,1
ong,1
ons,1
ony,1
oph,1
ord,1
orm,1
orp,1
ort,1
ose,1
otu,1
ous,1
Ove,1
own,1
ped,1
Pee,1
phe,1
Pla,1
pne,1
Poi,1
ppe,1
Qua,1
rag,1
Rag,1
rai,1
rap,1
ras,1
rat,1
rdo,1
ren,1
rie,1
rin,1
Rip,1
rke,1
rms,1
ron,1
rop,1
Rot,1
row,1
rps,1
rst,1
rtu,1
rug,1
rve,1
sea,1
sen,1
Shr,1
Sic,1
Sla,1
Sna,1
son,1
Sti,1
str,1
sum,1
Swo,1
tab,1
tar,1
tas,1
tch,1
ten,1
the,1
Thi,1
tic,1
tni,1
Ton,1
Tor,1
tro,1
tte,1
tul,1
tur,1
uak,1
ugg,1
uli,1
ult,1
ume,1
ure,1
urk,1
urn,1
urs,1
use,1
ute,1
utt,1
War,1
Wei,1
Wit,1
wni,1
Wol,1
Woo,1
Wor,1
wor,1
xec,1
ed,11
ra,8
se,8
ar,6
ng,6
on,6
ck,5
er,5
ge,5
in,5
od,5
at,4
Bo,4
Co,4
en,4
he,4
ic,4
ke,4
la,4
li,4
ni,4
oo,4
or,4
Sl,4
ur,4
ut,4
ac,3
ag,3
ai,3
ap,3
as,3
Cu,3
de,3
Dr,3
ea,3
gh,3
ht,3
ig,3
is,3
it,3
ll,3
ne,3
ol,3
ot,3
re,3
ro,3
rs,3
Sh,3
st,3
St,3
ta,3
te,3
th,3
ve,3
Wo,3
Wr,3
Ac,2
Ag,2
an,2
Bl,2
Ca,2
ch,2
ci,2
Cr,2
Ea,2
ec,2
ee,2
ei,2
el,2
Fa,2
Fe,2
Fl,2
gg,2
gu,2
Gu,2
Ha,2
He,2
ho,2
Ho,2
id,2
ip,2
ir,2
le,2
lo,2
me,2
nd,2
oi,2
ps,2
rd,2
ri,2
rt,2
To,2
tu,2
ue,2
ul,2
ab,1
ad,1
ak,1
al,1
am,1
An,1
Ar,1
au,1
bb,1
be,1
Bu,1
cc,1
ce,1
Ch,1
ct,1
cu,1
dd,1
Di,1
do,1
dy,1
em,1
es,1
et,1
ev,1
Ex,1
fe,1
Fi,1
Fo,1
Fr,1
Ga,1
go,1
gr,1
Gr,1
gs,1
ha,1
hi,1
hr,1
ie,1
if,1
il,1
Il,1
In,1
Ir,1
je,1
Kn,1
La,1
lf,1
Li,1
ln,1
lt,1
Lu,1
mb,1
mn,1
ms,1
na,1
nj,1
ns,1
nt,1
ny,1
oc,1
om,1
op,1
os,1
ou,1
Ov,1
ow,1
pe,1
Pe,1
ph,1
Pl,1
pn,1
Po,1
pp,1
Qu,1
Ra,1
Ri,1
rk,1
rm,1
rn,1
Ro,1
rp,1
ru,1
rv,1
sh,1
Si,1
sm,1
Sn,1
so,1
ss,1
su,1
Sw,1
tc,1
Th,1
ti,1
tn,1
tr,1
tt,1
ua,1
ug,1
um,1
un,1
us,1
Wa,1
We,1
Wi,1
wn,1
wo,1
xe,1
e,57
r,36
a,33
o,33
t,30
n,28
i,27
d,24
l,22
s,18
g,17
u,17
h,15
c,14
S,13
C,12
F,9
W,9
p,8
B,7
k,7
A,6
H,6
m,6
D,4
G,4
b,3
E,3
I,3
L,3
P,3
R,3
T,3
v,3
f,2
w,2
y,2
j,1
K,1
O,1
Q,1
x,1
